name,plugin

eeee
Gpu0_app_clock_violation,ganglia_pub
Gpu0_bar1_free,ganglia_pub
Gpu0_bar1_total,ganglia_pub
Gpu0_bar1_used,ganglia_pub
Gpu0_base_clock_violation,ganglia_pub
Gpu0_board_limit_violation,ganglia_pub
Gpu0_compute_mode,ganglia_pub
Gpu0_cpu_affinity_0,ganglia_pub
Gpu0_cpu_affinity_1,ganglia_pub
Gpu0_cpu_affinity_2,ganglia_pub
Gpu0_cpu_affinity_3,ganglia_pub
Gpu0_current_clock_throttle_reasons,ganglia_pub
Gpu0_dec_utilization,ganglia_pub
Gpu0_device_count,ganglia_pub
Gpu0_dram_active,ganglia_pub
Gpu0_ecc,ganglia_pub
Gpu0_ecc_dbe_aggregate_device,ganglia_pub
Gpu0_ecc_dbe_aggregate_l1,ganglia_pub
Gpu0_ecc_dbe_aggregate_l2,ganglia_pub
Gpu0_ecc_dbe_aggregate_register,ganglia_pub
Gpu0_ecc_dbe_aggregate_total,ganglia_pub
Gpu0_ecc_dbe_volatile_device,ganglia_pub
Gpu0_ecc_dbe_volatile_l1,ganglia_pub
Gpu0_ecc_dbe_volatile_l2,ganglia_pub
Gpu0_ecc_dbe_volatile_register,ganglia_pub
Gpu0_ecc_dbe_volatile_total,ganglia_pub
Gpu0_ecc_pending,ganglia_pub
Gpu0_ecc_sbe_aggregate_device,ganglia_pub
Gpu0_ecc_sbe_aggregate_l1,ganglia_pub
Gpu0_ecc_sbe_aggregate_l2,ganglia_pub
Gpu0_ecc_sbe_aggregate_register,ganglia_pub
Gpu0_ecc_sbe_aggregate_total,ganglia_pub
Gpu0_ecc_sbe_volatile_device,ganglia_pub
Gpu0_ecc_sbe_volatile_l1,ganglia_pub
Gpu0_ecc_sbe_volatile_l2,ganglia_pub
Gpu0_ecc_sbe_volatile_register,ganglia_pub
Gpu0_ecc_sbe_volatile_total,ganglia_pub
Gpu0_enc_utilization,ganglia_pub
Gpu0_enforced_power_limit,ganglia_pub
Gpu0_fb_free,ganglia_pub
Gpu0_fb_total,ganglia_pub
Gpu0_fb_used,ganglia_pub
Gpu0_fp16_active,ganglia_pub
Gpu0_fp32_active,ganglia_pub
Gpu0_fp64_active,ganglia_pub
Gpu0_gpu_temp,ganglia_pub
Gpu0_gpu_util_samples,ganglia_pub
Gpu0_gpu_utilization,ganglia_pub
Gpu0_gr_engine_active,ganglia_pub
Gpu0_inforom_config_checksum,ganglia_pub
Gpu0_inforom_config_valid,ganglia_pub
Gpu0_low_util_violation,ganglia_pub
Gpu0_mem_app_clock,ganglia_pub
Gpu0_mem_copy_utilization,ganglia_pub
Gpu0_mem_util_samples,ganglia_pub
Gpu0_memory_clock,ganglia_pub
Gpu0_memory_max_clock,ganglia_pub
Gpu0_memory_temp,ganglia_pub
Gpu0_nvlink_bandwidth_total,ganglia_pub
Gpu0_nvlink_data_crc_error_count_total,ganglia_pub
Gpu0_nvlink_flit_crc_error_count_total,ganglia_pub
Gpu0_nvlink_recovery_error_count_total,ganglia_pub
Gpu0_nvlink_replay_error_count_total,ganglia_pub
Gpu0_nvlink_rx_bytes,ganglia_pub
Gpu0_nvlink_tx_bytes,ganglia_pub
Gpu0_pcie_replay_counter,ganglia_pub
Gpu0_pcie_rx_bytes,ganglia_pub
Gpu0_pcie_tx_bytes,ganglia_pub
Gpu0_power_management_limit,ganglia_pub
Gpu0_power_management_limit_default,ganglia_pub
Gpu0_power_management_limit_max,ganglia_pub
Gpu0_power_management_limit_min,ganglia_pub
Gpu0_power_usage,ganglia_pub
Gpu0_power_violation,ganglia_pub
Gpu0_pstate,ganglia_pub
Gpu0_reliability_violation,ganglia_pub
Gpu0_retired_pages_dbe,ganglia_pub
Gpu0_retired_pages_pending,ganglia_pub
Gpu0_retired_pages_sbe,ganglia_pub
Gpu0_shutdown_temp,ganglia_pub
Gpu0_slowdown_temp,ganglia_pub
Gpu0_sm_active,ganglia_pub
Gpu0_sm_app_clock,ganglia_pub
Gpu0_sm_clock,ganglia_pub
Gpu0_sm_max_clock,ganglia_pub
Gpu0_sm_occupancy,ganglia_pub
Gpu0_sync_boost_violation,ganglia_pub
Gpu0_tensor_active,ganglia_pub
Gpu0_thermal_violation,ganglia_pub
Gpu0_total_energy_consumption,ganglia_pub
Gpu0_video_clock,ganglia_pub
Gpu0_video_max_clock,ganglia_pub
Gpu0_virtualization_mode,ganglia_pub
Gpu0_xid_errors,ganglia_pub
Gpu1_app_clock_violation,ganglia_pub
Gpu1_bar1_free,ganglia_pub
Gpu1_bar1_total,ganglia_pub
Gpu1_bar1_used,ganglia_pub
Gpu1_base_clock_violation,ganglia_pub
Gpu1_board_limit_violation,ganglia_pub
Gpu1_compute_mode,ganglia_pub
Gpu1_cpu_affinity_0,ganglia_pub
Gpu1_cpu_affinity_1,ganglia_pub
Gpu1_cpu_affinity_2,ganglia_pub
Gpu1_cpu_affinity_3,ganglia_pub
Gpu1_current_clock_throttle_reasons,ganglia_pub
Gpu1_dec_utilization,ganglia_pub
Gpu1_device_count,ganglia_pub
Gpu1_dram_active,ganglia_pub
Gpu1_ecc,ganglia_pub
Gpu1_ecc_dbe_aggregate_device,ganglia_pub
Gpu1_ecc_dbe_aggregate_l1,ganglia_pub
Gpu1_ecc_dbe_aggregate_l2,ganglia_pub
Gpu1_ecc_dbe_aggregate_register,ganglia_pub
Gpu1_ecc_dbe_aggregate_total,ganglia_pub
Gpu1_ecc_dbe_volatile_device,ganglia_pub
Gpu1_ecc_dbe_volatile_l1,ganglia_pub
Gpu1_ecc_dbe_volatile_l2,ganglia_pub
Gpu1_ecc_dbe_volatile_register,ganglia_pub
Gpu1_ecc_dbe_volatile_total,ganglia_pub
Gpu1_ecc_pending,ganglia_pub
Gpu1_ecc_sbe_aggregate_device,ganglia_pub
Gpu1_ecc_sbe_aggregate_l1,ganglia_pub
Gpu1_ecc_sbe_aggregate_l2,ganglia_pub
Gpu1_ecc_sbe_aggregate_register,ganglia_pub
Gpu1_ecc_sbe_aggregate_total,ganglia_pub
Gpu1_ecc_sbe_volatile_device,ganglia_pub
Gpu1_ecc_sbe_volatile_l1,ganglia_pub
Gpu1_ecc_sbe_volatile_l2,ganglia_pub
Gpu1_ecc_sbe_volatile_register,ganglia_pub
Gpu1_ecc_sbe_volatile_total,ganglia_pub
Gpu1_enc_utilization,ganglia_pub
Gpu1_enforced_power_limit,ganglia_pub
Gpu1_fb_free,ganglia_pub
Gpu1_fb_total,ganglia_pub
Gpu1_fb_used,ganglia_pub
Gpu1_fp16_active,ganglia_pub
Gpu1_fp32_active,ganglia_pub
Gpu1_fp64_active,ganglia_pub
Gpu1_gpu_temp,ganglia_pub
Gpu1_gpu_util_samples,ganglia_pub
Gpu1_gpu_utilization,ganglia_pub
Gpu1_gr_engine_active,ganglia_pub
Gpu1_inforom_config_checksum,ganglia_pub
Gpu1_inforom_config_valid,ganglia_pub
Gpu1_low_util_violation,ganglia_pub
Gpu1_mem_app_clock,ganglia_pub
Gpu1_mem_copy_utilization,ganglia_pub
Gpu1_mem_util_samples,ganglia_pub
Gpu1_memory_clock,ganglia_pub
Gpu1_memory_max_clock,ganglia_pub
Gpu1_memory_temp,ganglia_pub
Gpu1_nvlink_bandwidth_total,ganglia_pub
Gpu1_nvlink_data_crc_error_count_total,ganglia_pub
Gpu1_nvlink_flit_crc_error_count_total,ganglia_pub
Gpu1_nvlink_recovery_error_count_total,ganglia_pub
Gpu1_nvlink_replay_error_count_total,ganglia_pub
Gpu1_nvlink_rx_bytes,ganglia_pub
Gpu1_nvlink_tx_bytes,ganglia_pub
Gpu1_pcie_replay_counter,ganglia_pub
Gpu1_pcie_rx_bytes,ganglia_pub
Gpu1_pcie_tx_bytes,ganglia_pub
Gpu1_power_management_limit,ganglia_pub
Gpu1_power_management_limit_default,ganglia_pub
Gpu1_power_management_limit_max,ganglia_pub
Gpu1_power_management_limit_min,ganglia_pub
Gpu1_power_usage,ganglia_pub
Gpu1_power_violation,ganglia_pub
Gpu1_pstate,ganglia_pub
Gpu1_reliability_violation,ganglia_pub
Gpu1_retired_pages_dbe,ganglia_pub
Gpu1_retired_pages_pending,ganglia_pub
Gpu1_retired_pages_sbe,ganglia_pub
Gpu1_shutdown_temp,ganglia_pub
Gpu1_slowdown_temp,ganglia_pub
Gpu1_sm_active,ganglia_pub
Gpu1_sm_app_clock,ganglia_pub
Gpu1_sm_clock,ganglia_pub
Gpu1_sm_max_clock,ganglia_pub
Gpu1_sm_occupancy,ganglia_pub
Gpu1_sync_boost_violation,ganglia_pub
Gpu1_tensor_active,ganglia_pub
Gpu1_thermal_violation,ganglia_pub
Gpu1_total_energy_consumption,ganglia_pub
Gpu1_video_clock,ganglia_pub
Gpu1_video_max_clock,ganglia_pub
Gpu1_virtualization_mode,ganglia_pub
Gpu1_xid_errors,ganglia_pub
Gpu2_app_clock_violation,ganglia_pub
Gpu2_bar1_free,ganglia_pub
Gpu2_bar1_total,ganglia_pub
Gpu2_bar1_used,ganglia_pub
Gpu2_base_clock_violation,ganglia_pub
Gpu2_board_limit_violation,ganglia_pub
Gpu2_compute_mode,ganglia_pub
Gpu2_cpu_affinity_0,ganglia_pub
Gpu2_cpu_affinity_1,ganglia_pub
Gpu2_cpu_affinity_2,ganglia_pub
Gpu2_cpu_affinity_3,ganglia_pub
Gpu2_current_clock_throttle_reasons,ganglia_pub
Gpu2_dec_utilization,ganglia_pub
Gpu2_device_count,ganglia_pub
Gpu2_dram_active,ganglia_pub
Gpu2_ecc,ganglia_pub
Gpu2_ecc_dbe_aggregate_device,ganglia_pub
Gpu2_ecc_dbe_aggregate_l1,ganglia_pub
Gpu2_ecc_dbe_aggregate_l2,ganglia_pub
Gpu2_ecc_dbe_aggregate_register,ganglia_pub
Gpu2_ecc_dbe_aggregate_total,ganglia_pub
Gpu2_ecc_dbe_volatile_device,ganglia_pub
Gpu2_ecc_dbe_volatile_l1,ganglia_pub
Gpu2_ecc_dbe_volatile_l2,ganglia_pub
Gpu2_ecc_dbe_volatile_register,ganglia_pub
Gpu2_ecc_dbe_volatile_total,ganglia_pub
Gpu2_ecc_pending,ganglia_pub
Gpu2_ecc_sbe_aggregate_device,ganglia_pub
Gpu2_ecc_sbe_aggregate_l1,ganglia_pub
Gpu2_ecc_sbe_aggregate_l2,ganglia_pub
Gpu2_ecc_sbe_aggregate_register,ganglia_pub
Gpu2_ecc_sbe_aggregate_total,ganglia_pub
Gpu2_ecc_sbe_volatile_device,ganglia_pub
Gpu2_ecc_sbe_volatile_l1,ganglia_pub
Gpu2_ecc_sbe_volatile_l2,ganglia_pub
Gpu2_ecc_sbe_volatile_register,ganglia_pub
Gpu2_ecc_sbe_volatile_total,ganglia_pub
Gpu2_enc_utilization,ganglia_pub
Gpu2_enforced_power_limit,ganglia_pub
Gpu2_fb_free,ganglia_pub
Gpu2_fb_total,ganglia_pub
Gpu2_fb_used,ganglia_pub
Gpu2_fp16_active,ganglia_pub
Gpu2_fp32_active,ganglia_pub
Gpu2_fp64_active,ganglia_pub
Gpu2_gpu_temp,ganglia_pub
Gpu2_gpu_util_samples,ganglia_pub
Gpu2_gpu_utilization,ganglia_pub
Gpu2_gr_engine_active,ganglia_pub
Gpu2_inforom_config_checksum,ganglia_pub
Gpu2_inforom_config_valid,ganglia_pub
Gpu2_low_util_violation,ganglia_pub
Gpu2_mem_app_clock,ganglia_pub
Gpu2_mem_copy_utilization,ganglia_pub
Gpu2_mem_util_samples,ganglia_pub
Gpu2_memory_clock,ganglia_pub
Gpu2_memory_max_clock,ganglia_pub
Gpu2_memory_temp,ganglia_pub
Gpu2_nvlink_bandwidth_total,ganglia_pub
Gpu2_nvlink_data_crc_error_count_total,ganglia_pub
Gpu2_nvlink_flit_crc_error_count_total,ganglia_pub
Gpu2_nvlink_recovery_error_count_total,ganglia_pub
Gpu2_nvlink_replay_error_count_total,ganglia_pub
Gpu2_nvlink_rx_bytes,ganglia_pub
Gpu2_nvlink_tx_bytes,ganglia_pub
Gpu2_pcie_replay_counter,ganglia_pub
Gpu2_pcie_rx_bytes,ganglia_pub
Gpu2_pcie_tx_bytes,ganglia_pub
Gpu2_power_management_limit,ganglia_pub
Gpu2_power_management_limit_default,ganglia_pub
Gpu2_power_management_limit_max,ganglia_pub
Gpu2_power_management_limit_min,ganglia_pub
Gpu2_power_usage,ganglia_pub
Gpu2_power_violation,ganglia_pub
Gpu2_pstate,ganglia_pub
Gpu2_reliability_violation,ganglia_pub
Gpu2_retired_pages_dbe,ganglia_pub
Gpu2_retired_pages_pending,ganglia_pub
Gpu2_retired_pages_sbe,ganglia_pub
Gpu2_shutdown_temp,ganglia_pub
Gpu2_slowdown_temp,ganglia_pub
Gpu2_sm_active,ganglia_pub
Gpu2_sm_app_clock,ganglia_pub
Gpu2_sm_clock,ganglia_pub
Gpu2_sm_max_clock,ganglia_pub
Gpu2_sm_occupancy,ganglia_pub
Gpu2_sync_boost_violation,ganglia_pub
Gpu2_tensor_active,ganglia_pub
Gpu2_thermal_violation,ganglia_pub
Gpu2_total_energy_consumption,ganglia_pub
Gpu2_video_clock,ganglia_pub
Gpu2_video_max_clock,ganglia_pub
Gpu2_virtualization_mode,ganglia_pub
Gpu2_xid_errors,ganglia_pub
Gpu3_app_clock_violation,ganglia_pub
Gpu3_bar1_free,ganglia_pub
Gpu3_bar1_total,ganglia_pub
Gpu3_bar1_used,ganglia_pub
Gpu3_base_clock_violation,ganglia_pub
Gpu3_board_limit_violation,ganglia_pub
Gpu3_compute_mode,ganglia_pub
Gpu3_cpu_affinity_0,ganglia_pub
Gpu3_cpu_affinity_1,ganglia_pub
Gpu3_cpu_affinity_2,ganglia_pub
Gpu3_cpu_affinity_3,ganglia_pub
Gpu3_current_clock_throttle_reasons,ganglia_pub
Gpu3_dec_utilization,ganglia_pub
Gpu3_device_count,ganglia_pub
Gpu3_dram_active,ganglia_pub
Gpu3_ecc,ganglia_pub
Gpu3_ecc_dbe_aggregate_device,ganglia_pub
Gpu3_ecc_dbe_aggregate_l1,ganglia_pub
Gpu3_ecc_dbe_aggregate_l2,ganglia_pub
Gpu3_ecc_dbe_aggregate_register,ganglia_pub
Gpu3_ecc_dbe_aggregate_total,ganglia_pub
Gpu3_ecc_dbe_volatile_device,ganglia_pub
Gpu3_ecc_dbe_volatile_l1,ganglia_pub
Gpu3_ecc_dbe_volatile_l2,ganglia_pub
Gpu3_ecc_dbe_volatile_register,ganglia_pub
Gpu3_ecc_dbe_volatile_total,ganglia_pub
Gpu3_ecc_pending,ganglia_pub
Gpu3_ecc_sbe_aggregate_device,ganglia_pub
Gpu3_ecc_sbe_aggregate_l1,ganglia_pub
Gpu3_ecc_sbe_aggregate_l2,ganglia_pub
Gpu3_ecc_sbe_aggregate_register,ganglia_pub
Gpu3_ecc_sbe_aggregate_total,ganglia_pub
Gpu3_ecc_sbe_volatile_device,ganglia_pub
Gpu3_ecc_sbe_volatile_l1,ganglia_pub
Gpu3_ecc_sbe_volatile_l2,ganglia_pub
Gpu3_ecc_sbe_volatile_register,ganglia_pub
Gpu3_ecc_sbe_volatile_total,ganglia_pub
Gpu3_enc_utilization,ganglia_pub
Gpu3_enforced_power_limit,ganglia_pub
Gpu3_fb_free,ganglia_pub
Gpu3_fb_total,ganglia_pub
Gpu3_fb_used,ganglia_pub
Gpu3_fp16_active,ganglia_pub
Gpu3_fp32_active,ganglia_pub
Gpu3_fp64_active,ganglia_pub
Gpu3_gpu_temp,ganglia_pub
Gpu3_gpu_util_samples,ganglia_pub
Gpu3_gpu_utilization,ganglia_pub
Gpu3_gr_engine_active,ganglia_pub
Gpu3_inforom_config_checksum,ganglia_pub
Gpu3_inforom_config_valid,ganglia_pub
Gpu3_low_util_violation,ganglia_pub
Gpu3_mem_app_clock,ganglia_pub
Gpu3_mem_copy_utilization,ganglia_pub
Gpu3_mem_util_samples,ganglia_pub
Gpu3_memory_clock,ganglia_pub
Gpu3_memory_max_clock,ganglia_pub
Gpu3_memory_temp,ganglia_pub
Gpu3_nvlink_bandwidth_total,ganglia_pub
Gpu3_nvlink_data_crc_error_count_total,ganglia_pub
Gpu3_nvlink_flit_crc_error_count_total,ganglia_pub
Gpu3_nvlink_recovery_error_count_total,ganglia_pub
Gpu3_nvlink_replay_error_count_total,ganglia_pub
Gpu3_nvlink_rx_bytes,ganglia_pub
Gpu3_nvlink_tx_bytes,ganglia_pub
Gpu3_pcie_replay_counter,ganglia_pub
Gpu3_pcie_rx_bytes,ganglia_pub
Gpu3_pcie_tx_bytes,ganglia_pub
Gpu3_power_management_limit,ganglia_pub
Gpu3_power_management_limit_default,ganglia_pub
Gpu3_power_management_limit_max,ganglia_pub
Gpu3_power_management_limit_min,ganglia_pub
Gpu3_power_usage,ganglia_pub
Gpu3_power_violation,ganglia_pub
Gpu3_pstate,ganglia_pub
Gpu3_reliability_violation,ganglia_pub
Gpu3_retired_pages_dbe,ganglia_pub
Gpu3_retired_pages_pending,ganglia_pub
Gpu3_retired_pages_sbe,ganglia_pub
Gpu3_shutdown_temp,ganglia_pub
Gpu3_slowdown_temp,ganglia_pub
Gpu3_sm_active,ganglia_pub
Gpu3_sm_app_clock,ganglia_pub
Gpu3_sm_clock,ganglia_pub
Gpu3_sm_max_clock,ganglia_pub
Gpu3_sm_occupancy,ganglia_pub
Gpu3_sync_boost_violation,ganglia_pub
Gpu3_tensor_active,ganglia_pub
Gpu3_thermal_violation,ganglia_pub
Gpu3_total_energy_consumption,ganglia_pub
Gpu3_video_clock,ganglia_pub
Gpu3_video_max_clock,ganglia_pub
Gpu3_virtualization_mode,ganglia_pub
Gpu3_xid_errors,ganglia_pub
boottime,ganglia_pub
bytes_in,ganglia_pub
bytes_out,ganglia_pub
core_freq_0,ganglia_pub
core_freq_1,ganglia_pub
core_freq_10,ganglia_pub
core_freq_11,ganglia_pub
core_freq_12,ganglia_pub
core_freq_13,ganglia_pub
core_freq_14,ganglia_pub
core_freq_15,ganglia_pub
core_freq_16,ganglia_pub
core_freq_17,ganglia_pub
core_freq_18,ganglia_pub
core_freq_19,ganglia_pub
core_freq_2,ganglia_pub
core_freq_20,ganglia_pub
core_freq_21,ganglia_pub
core_freq_22,ganglia_pub
core_freq_23,ganglia_pub
core_freq_24,ganglia_pub
core_freq_25,ganglia_pub
core_freq_26,ganglia_pub
core_freq_27,ganglia_pub
core_freq_28,ganglia_pub
core_freq_29,ganglia_pub
core_freq_3,ganglia_pub
core_freq_30,ganglia_pub
core_freq_31,ganglia_pub
core_freq_32,ganglia_pub
core_freq_33,ganglia_pub
core_freq_34,ganglia_pub
core_freq_35,ganglia_pub
core_freq_36,ganglia_pub
core_freq_37,ganglia_pub
core_freq_38,ganglia_pub
core_freq_39,ganglia_pub
core_freq_4,ganglia_pub
core_freq_40,ganglia_pub
core_freq_41,ganglia_pub
core_freq_42,ganglia_pub
core_freq_43,ganglia_pub
core_freq_44,ganglia_pub
core_freq_45,ganglia_pub
core_freq_46,ganglia_pub
core_freq_47,ganglia_pub
core_freq_48,ganglia_pub
core_freq_49,ganglia_pub
core_freq_5,ganglia_pub
core_freq_50,ganglia_pub
core_freq_51,ganglia_pub
core_freq_52,ganglia_pub
core_freq_53,ganglia_pub
core_freq_54,ganglia_pub
core_freq_55,ganglia_pub
core_freq_56,ganglia_pub
core_freq_57,ganglia_pub
core_freq_58,ganglia_pub
core_freq_59,ganglia_pub
core_freq_6,ganglia_pub
core_freq_60,ganglia_pub
core_freq_61,ganglia_pub
core_freq_62,ganglia_pub
core_freq_63,ganglia_pub
core_freq_64,ganglia_pub
core_freq_65,ganglia_pub
core_freq_66,ganglia_pub
core_freq_67,ganglia_pub
core_freq_68,ganglia_pub
core_freq_69,ganglia_pub
core_freq_7,ganglia_pub
core_freq_70,ganglia_pub
core_freq_71,ganglia_pub
core_freq_8,ganglia_pub
core_freq_9,ganglia_pub
core_freq_avg,ganglia_pub
core_freq_max,ganglia_pub
core_freq_median,ganglia_pub
core_freq_min,ganglia_pub
cpu_aidle,ganglia_pub
cpu_ctxt,ganglia_pub
cpu_idle,ganglia_pub
cpu_intr,ganglia_pub
cpu_nice,ganglia_pub
cpu_num,ganglia_pub
cpu_sintr,ganglia_pub
cpu_speed,ganglia_pub
cpu_steal,ganglia_pub
cpu_system,ganglia_pub
cpu_user,ganglia_pub
cpu_wio,ganglia_pub
disk_free,ganglia_pub
disk_free_absolute_dev_shm,ganglia_pub
disk_free_absolute_glusterfs_slurm_brick01,ganglia_pub
disk_free_absolute_install,ganglia_pub
disk_free_absolute_opt,ganglia_pub
disk_free_absolute_rootfs,ganglia_pub
disk_free_absolute_run,ganglia_pub
disk_free_absolute_run_media_root_CentOS-8-3-2011-x86_64-dvd,ganglia_pub
disk_free_absolute_run_user_0,ganglia_pub
disk_free_absolute_run_user_12016,ganglia_pub
disk_free_absolute_run_user_12031,ganglia_pub
disk_free_absolute_run_user_129,ganglia_pub
disk_free_absolute_run_user_18044,ganglia_pub
disk_free_absolute_run_user_25356,ganglia_pub
disk_free_absolute_run_user_26304,ganglia_pub
disk_free_absolute_run_user_27766,ganglia_pub
disk_free_absolute_run_user_28090,ganglia_pub
disk_free_absolute_run_user_28501,ganglia_pub
disk_free_absolute_run_user_28520,ganglia_pub
disk_free_absolute_run_user_28526,ganglia_pub
disk_free_absolute_run_user_28527,ganglia_pub
disk_free_absolute_run_user_28531,ganglia_pub
disk_free_absolute_run_user_28541,ganglia_pub
disk_free_absolute_run_user_28543,ganglia_pub
disk_free_absolute_run_user_28552,ganglia_pub
disk_free_absolute_run_user_28565,ganglia_pub
disk_free_absolute_run_user_28568,ganglia_pub
disk_free_absolute_run_user_28966,ganglia_pub
disk_free_absolute_run_user_29259,ganglia_pub
disk_free_absolute_run_user_29437,ganglia_pub
disk_free_absolute_run_user_30469,ganglia_pub
disk_free_absolute_run_user_30656,ganglia_pub
disk_free_absolute_run_user_31644,ganglia_pub
disk_free_absolute_run_user_31688,ganglia_pub
disk_free_absolute_run_user_31949,ganglia_pub
disk_free_absolute_run_user_32073,ganglia_pub
disk_free_absolute_run_user_32112,ganglia_pub
disk_free_absolute_run_user_32154,ganglia_pub
disk_free_absolute_run_user_32171,ganglia_pub
disk_free_absolute_run_user_32510,ganglia_pub
disk_free_absolute_run_user_32579,ganglia_pub
disk_free_absolute_run_user_33274,ganglia_pub
disk_free_absolute_run_user_37259,ganglia_pub
disk_free_absolute_run_user_51133,ganglia_pub
disk_free_absolute_scratch_local,ganglia_pub
disk_free_absolute_secinv,ganglia_pub
disk_free_absolute_sys_fs_cgroup,ganglia_pub
disk_free_absolute_tmp,ganglia_pub
disk_free_absolute_usr,ganglia_pub
disk_free_absolute_var,ganglia_pub
disk_free_absolute_vms,ganglia_pub
disk_free_percent_dev_shm,ganglia_pub
disk_free_percent_glusterfs_slurm_brick01,ganglia_pub
disk_free_percent_install,ganglia_pub
disk_free_percent_opt,ganglia_pub
disk_free_percent_rootfs,ganglia_pub
disk_free_percent_run,ganglia_pub
disk_free_percent_run_media_root_CentOS-8-3-2011-x86_64-dvd,ganglia_pub
disk_free_percent_run_user_0,ganglia_pub
disk_free_percent_run_user_12016,ganglia_pub
disk_free_percent_run_user_12031,ganglia_pub
disk_free_percent_run_user_129,ganglia_pub
disk_free_percent_run_user_18044,ganglia_pub
disk_free_percent_run_user_25356,ganglia_pub
disk_free_percent_run_user_26304,ganglia_pub
disk_free_percent_run_user_27766,ganglia_pub
disk_free_percent_run_user_28090,ganglia_pub
disk_free_percent_run_user_28501,ganglia_pub
disk_free_percent_run_user_28520,ganglia_pub
disk_free_percent_run_user_28526,ganglia_pub
disk_free_percent_run_user_28527,ganglia_pub
disk_free_percent_run_user_28531,ganglia_pub
disk_free_percent_run_user_28541,ganglia_pub
disk_free_percent_run_user_28543,ganglia_pub
disk_free_percent_run_user_28552,ganglia_pub
disk_free_percent_run_user_28565,ganglia_pub
disk_free_percent_run_user_28568,ganglia_pub
disk_free_percent_run_user_28966,ganglia_pub
disk_free_percent_run_user_29259,ganglia_pub
disk_free_percent_run_user_29437,ganglia_pub
disk_free_percent_run_user_30469,ganglia_pub
disk_free_percent_run_user_30656,ganglia_pub
disk_free_percent_run_user_31644,ganglia_pub
disk_free_percent_run_user_31688,ganglia_pub
disk_free_percent_run_user_31949,ganglia_pub
disk_free_percent_run_user_32073,ganglia_pub
disk_free_percent_run_user_32112,ganglia_pub
disk_free_percent_run_user_32154,ganglia_pub
disk_free_percent_run_user_32171,ganglia_pub
disk_free_percent_run_user_32510,ganglia_pub
disk_free_percent_run_user_32579,ganglia_pub
disk_free_percent_run_user_33274,ganglia_pub
disk_free_percent_run_user_37259,ganglia_pub
disk_free_percent_run_user_51133,ganglia_pub
disk_free_percent_scratch_local,ganglia_pub
disk_free_percent_secinv,ganglia_pub
disk_free_percent_sys_fs_cgroup,ganglia_pub
disk_free_percent_tmp,ganglia_pub
disk_free_percent_usr,ganglia_pub
disk_free_percent_var,ganglia_pub
disk_free_percent_vms,ganglia_pub
disk_total,ganglia_pub
diskstat_sda_io_time,ganglia_pub
diskstat_sda_percent_io_time,ganglia_pub
diskstat_sda_read_bytes_per_sec,ganglia_pub
diskstat_sda_read_time,ganglia_pub
diskstat_sda_reads,ganglia_pub
diskstat_sda_reads_merged,ganglia_pub
diskstat_sda_weighted_io_time,ganglia_pub
diskstat_sda_write_bytes_per_sec,ganglia_pub
diskstat_sda_write_time,ganglia_pub
diskstat_sda_writes,ganglia_pub
diskstat_sda_writes_merged,ganglia_pub
diskstat_sdb_io_time,ganglia_pub
diskstat_sdb_percent_io_time,ganglia_pub
diskstat_sdb_read_bytes_per_sec,ganglia_pub
diskstat_sdb_read_time,ganglia_pub
diskstat_sdb_reads,ganglia_pub
diskstat_sdb_reads_merged,ganglia_pub
diskstat_sdb_weighted_io_time,ganglia_pub
diskstat_sdb_write_bytes_per_sec,ganglia_pub
diskstat_sdb_write_time,ganglia_pub
diskstat_sdb_writes,ganglia_pub
diskstat_sdb_writes_merged,ganglia_pub
entropy_avail,ganglia_pub
gexec,ganglia_pub
ipmi_ambient_temp,ganglia_pub
ipmi_avg_power,ganglia_pub
ipmi_cpu1_vr_temp,ganglia_pub
ipmi_cpu2_vr_temp,ganglia_pub
ipmi_cpu_1_temp,ganglia_pub
ipmi_cpu_2_temp,ganglia_pub
ipmi_dimm_ab_vr_temp,ganglia_pub
ipmi_dimm_cd_vr_temp,ganglia_pub
ipmi_dimm_ef_vr_temp,ganglia_pub
ipmi_dimm_gh_vr_temp,ganglia_pub
ipmi_pch_temp,ganglia_pub
ipmi_pci_1_amb_temp,ganglia_pub
ipmi_pci_2_amb_temp,ganglia_pub
ipmi_pci_3_amb_temp,ganglia_pub
ipmi_psu_1_amb_temp,ganglia_pub
ipmi_psu_2_amb_temp,ganglia_pub
ipmi_raid_amb_temp,ganglia_pub
ipmi_rr_pci1_amb_temp,ganglia_pub
ipmi_rr_pci2_amb_temp,ganglia_pub
ipmi_rr_pci3_amb_temp,ganglia_pub
load_fifteen,ganglia_pub
load_five,ganglia_pub
load_one,ganglia_pub
machine_type,ganglia_pub
mem_anonpages,ganglia_pub
mem_buffers,ganglia_pub
mem_cached,ganglia_pub
mem_dirty,ganglia_pub
mem_free,ganglia_pub
mem_hardware_corrupted,ganglia_pub
mem_mapped,ganglia_pub
mem_shared,ganglia_pub
mem_total,ganglia_pub
mem_writeback,ganglia_pub
multicpu_idle0,ganglia_pub
multicpu_idle1,ganglia_pub
multicpu_idle10,ganglia_pub
multicpu_idle11,ganglia_pub
multicpu_idle12,ganglia_pub
multicpu_idle13,ganglia_pub
multicpu_idle14,ganglia_pub
multicpu_idle15,ganglia_pub
multicpu_idle16,ganglia_pub
multicpu_idle17,ganglia_pub
multicpu_idle18,ganglia_pub
multicpu_idle19,ganglia_pub
multicpu_idle2,ganglia_pub
multicpu_idle20,ganglia_pub
multicpu_idle21,ganglia_pub
multicpu_idle22,ganglia_pub
multicpu_idle23,ganglia_pub
multicpu_idle24,ganglia_pub
multicpu_idle25,ganglia_pub
multicpu_idle26,ganglia_pub
multicpu_idle27,ganglia_pub
multicpu_idle28,ganglia_pub
multicpu_idle29,ganglia_pub
multicpu_idle3,ganglia_pub
multicpu_idle30,ganglia_pub
multicpu_idle31,ganglia_pub
multicpu_idle32,ganglia_pub
multicpu_idle33,ganglia_pub
multicpu_idle34,ganglia_pub
multicpu_idle35,ganglia_pub
multicpu_idle36,ganglia_pub
multicpu_idle37,ganglia_pub
multicpu_idle38,ganglia_pub
multicpu_idle39,ganglia_pub
multicpu_idle4,ganglia_pub
multicpu_idle40,ganglia_pub
multicpu_idle41,ganglia_pub
multicpu_idle42,ganglia_pub
multicpu_idle43,ganglia_pub
multicpu_idle44,ganglia_pub
multicpu_idle45,ganglia_pub
multicpu_idle46,ganglia_pub
multicpu_idle47,ganglia_pub
multicpu_idle48,ganglia_pub
multicpu_idle49,ganglia_pub
multicpu_idle5,ganglia_pub
multicpu_idle50,ganglia_pub
multicpu_idle51,ganglia_pub
multicpu_idle52,ganglia_pub
multicpu_idle53,ganglia_pub
multicpu_idle54,ganglia_pub
multicpu_idle55,ganglia_pub
multicpu_idle56,ganglia_pub
multicpu_idle57,ganglia_pub
multicpu_idle58,ganglia_pub
multicpu_idle59,ganglia_pub
multicpu_idle6,ganglia_pub
multicpu_idle60,ganglia_pub
multicpu_idle61,ganglia_pub
multicpu_idle62,ganglia_pub
multicpu_idle63,ganglia_pub
multicpu_idle64,ganglia_pub
multicpu_idle65,ganglia_pub
multicpu_idle66,ganglia_pub
multicpu_idle67,ganglia_pub
multicpu_idle68,ganglia_pub
multicpu_idle69,ganglia_pub
multicpu_idle7,ganglia_pub
multicpu_idle70,ganglia_pub
multicpu_idle71,ganglia_pub
multicpu_idle8,ganglia_pub
multicpu_idle9,ganglia_pub
multicpu_intr0,ganglia_pub
multicpu_intr1,ganglia_pub
multicpu_intr10,ganglia_pub
multicpu_intr11,ganglia_pub
multicpu_intr12,ganglia_pub
multicpu_intr13,ganglia_pub
multicpu_intr14,ganglia_pub
multicpu_intr15,ganglia_pub
multicpu_intr16,ganglia_pub
multicpu_intr17,ganglia_pub
multicpu_intr18,ganglia_pub
multicpu_intr19,ganglia_pub
multicpu_intr2,ganglia_pub
multicpu_intr20,ganglia_pub
multicpu_intr21,ganglia_pub
multicpu_intr22,ganglia_pub
multicpu_intr23,ganglia_pub
multicpu_intr24,ganglia_pub
multicpu_intr25,ganglia_pub
multicpu_intr26,ganglia_pub
multicpu_intr27,ganglia_pub
multicpu_intr28,ganglia_pub
multicpu_intr29,ganglia_pub
multicpu_intr3,ganglia_pub
multicpu_intr30,ganglia_pub
multicpu_intr31,ganglia_pub
multicpu_intr32,ganglia_pub
multicpu_intr33,ganglia_pub
multicpu_intr34,ganglia_pub
multicpu_intr35,ganglia_pub
multicpu_intr36,ganglia_pub
multicpu_intr37,ganglia_pub
multicpu_intr38,ganglia_pub
multicpu_intr39,ganglia_pub
multicpu_intr4,ganglia_pub
multicpu_intr40,ganglia_pub
multicpu_intr41,ganglia_pub
multicpu_intr42,ganglia_pub
multicpu_intr43,ganglia_pub
multicpu_intr44,ganglia_pub
multicpu_intr45,ganglia_pub
multicpu_intr46,ganglia_pub
multicpu_intr47,ganglia_pub
multicpu_intr48,ganglia_pub
multicpu_intr49,ganglia_pub
multicpu_intr5,ganglia_pub
multicpu_intr50,ganglia_pub
multicpu_intr51,ganglia_pub
multicpu_intr52,ganglia_pub
multicpu_intr53,ganglia_pub
multicpu_intr54,ganglia_pub
multicpu_intr55,ganglia_pub
multicpu_intr56,ganglia_pub
multicpu_intr57,ganglia_pub
multicpu_intr58,ganglia_pub
multicpu_intr59,ganglia_pub
multicpu_intr6,ganglia_pub
multicpu_intr60,ganglia_pub
multicpu_intr61,ganglia_pub
multicpu_intr62,ganglia_pub
multicpu_intr63,ganglia_pub
multicpu_intr64,ganglia_pub
multicpu_intr65,ganglia_pub
multicpu_intr66,ganglia_pub
multicpu_intr67,ganglia_pub
multicpu_intr68,ganglia_pub
multicpu_intr69,ganglia_pub
multicpu_intr7,ganglia_pub
multicpu_intr70,ganglia_pub
multicpu_intr71,ganglia_pub
multicpu_intr8,ganglia_pub
multicpu_intr9,ganglia_pub
multicpu_nice0,ganglia_pub
multicpu_nice1,ganglia_pub
multicpu_nice10,ganglia_pub
multicpu_nice11,ganglia_pub
multicpu_nice12,ganglia_pub
multicpu_nice13,ganglia_pub
multicpu_nice14,ganglia_pub
multicpu_nice15,ganglia_pub
multicpu_nice16,ganglia_pub
multicpu_nice17,ganglia_pub
multicpu_nice18,ganglia_pub
multicpu_nice19,ganglia_pub
multicpu_nice2,ganglia_pub
multicpu_nice20,ganglia_pub
multicpu_nice21,ganglia_pub
multicpu_nice22,ganglia_pub
multicpu_nice23,ganglia_pub
multicpu_nice24,ganglia_pub
multicpu_nice25,ganglia_pub
multicpu_nice26,ganglia_pub
multicpu_nice27,ganglia_pub
multicpu_nice28,ganglia_pub
multicpu_nice29,ganglia_pub
multicpu_nice3,ganglia_pub
multicpu_nice30,ganglia_pub
multicpu_nice31,ganglia_pub
multicpu_nice32,ganglia_pub
multicpu_nice33,ganglia_pub
multicpu_nice34,ganglia_pub
multicpu_nice35,ganglia_pub
multicpu_nice36,ganglia_pub
multicpu_nice37,ganglia_pub
multicpu_nice38,ganglia_pub
multicpu_nice39,ganglia_pub
multicpu_nice4,ganglia_pub
multicpu_nice40,ganglia_pub
multicpu_nice41,ganglia_pub
multicpu_nice42,ganglia_pub
multicpu_nice43,ganglia_pub
multicpu_nice44,ganglia_pub
multicpu_nice45,ganglia_pub
multicpu_nice46,ganglia_pub
multicpu_nice47,ganglia_pub
multicpu_nice48,ganglia_pub
multicpu_nice49,ganglia_pub
multicpu_nice5,ganglia_pub
multicpu_nice50,ganglia_pub
multicpu_nice51,ganglia_pub
multicpu_nice52,ganglia_pub
multicpu_nice53,ganglia_pub
multicpu_nice54,ganglia_pub
multicpu_nice55,ganglia_pub
multicpu_nice56,ganglia_pub
multicpu_nice57,ganglia_pub
multicpu_nice58,ganglia_pub
multicpu_nice59,ganglia_pub
multicpu_nice6,ganglia_pub
multicpu_nice60,ganglia_pub
multicpu_nice61,ganglia_pub
multicpu_nice62,ganglia_pub
multicpu_nice63,ganglia_pub
multicpu_nice64,ganglia_pub
multicpu_nice65,ganglia_pub
multicpu_nice66,ganglia_pub
multicpu_nice67,ganglia_pub
multicpu_nice68,ganglia_pub
multicpu_nice69,ganglia_pub
multicpu_nice7,ganglia_pub
multicpu_nice70,ganglia_pub
multicpu_nice71,ganglia_pub
multicpu_nice8,ganglia_pub
multicpu_nice9,ganglia_pub
multicpu_sintr0,ganglia_pub
multicpu_sintr1,ganglia_pub
multicpu_sintr10,ganglia_pub
multicpu_sintr11,ganglia_pub
multicpu_sintr12,ganglia_pub
multicpu_sintr13,ganglia_pub
multicpu_sintr14,ganglia_pub
multicpu_sintr15,ganglia_pub
multicpu_sintr16,ganglia_pub
multicpu_sintr17,ganglia_pub
multicpu_sintr18,ganglia_pub
multicpu_sintr19,ganglia_pub
multicpu_sintr2,ganglia_pub
multicpu_sintr20,ganglia_pub
multicpu_sintr21,ganglia_pub
multicpu_sintr22,ganglia_pub
multicpu_sintr23,ganglia_pub
multicpu_sintr24,ganglia_pub
multicpu_sintr25,ganglia_pub
multicpu_sintr26,ganglia_pub
multicpu_sintr27,ganglia_pub
multicpu_sintr28,ganglia_pub
multicpu_sintr29,ganglia_pub
multicpu_sintr3,ganglia_pub
multicpu_sintr30,ganglia_pub
multicpu_sintr31,ganglia_pub
multicpu_sintr32,ganglia_pub
multicpu_sintr33,ganglia_pub
multicpu_sintr34,ganglia_pub
multicpu_sintr35,ganglia_pub
multicpu_sintr36,ganglia_pub
multicpu_sintr37,ganglia_pub
multicpu_sintr38,ganglia_pub
multicpu_sintr39,ganglia_pub
multicpu_sintr4,ganglia_pub
multicpu_sintr40,ganglia_pub
multicpu_sintr41,ganglia_pub
multicpu_sintr42,ganglia_pub
multicpu_sintr43,ganglia_pub
multicpu_sintr44,ganglia_pub
multicpu_sintr45,ganglia_pub
multicpu_sintr46,ganglia_pub
multicpu_sintr47,ganglia_pub
multicpu_sintr48,ganglia_pub
multicpu_sintr49,ganglia_pub
multicpu_sintr5,ganglia_pub
multicpu_sintr50,ganglia_pub
multicpu_sintr51,ganglia_pub
multicpu_sintr52,ganglia_pub
multicpu_sintr53,ganglia_pub
multicpu_sintr54,ganglia_pub
multicpu_sintr55,ganglia_pub
multicpu_sintr56,ganglia_pub
multicpu_sintr57,ganglia_pub
multicpu_sintr58,ganglia_pub
multicpu_sintr59,ganglia_pub
multicpu_sintr6,ganglia_pub
multicpu_sintr60,ganglia_pub
multicpu_sintr61,ganglia_pub
multicpu_sintr62,ganglia_pub
multicpu_sintr63,ganglia_pub
multicpu_sintr64,ganglia_pub
multicpu_sintr65,ganglia_pub
multicpu_sintr66,ganglia_pub
multicpu_sintr67,ganglia_pub
multicpu_sintr68,ganglia_pub
multicpu_sintr69,ganglia_pub
multicpu_sintr7,ganglia_pub
multicpu_sintr70,ganglia_pub
multicpu_sintr71,ganglia_pub
multicpu_sintr8,ganglia_pub
multicpu_sintr9,ganglia_pub
multicpu_steal0,ganglia_pub
multicpu_steal1,ganglia_pub
multicpu_steal10,ganglia_pub
multicpu_steal11,ganglia_pub
multicpu_steal12,ganglia_pub
multicpu_steal13,ganglia_pub
multicpu_steal14,ganglia_pub
multicpu_steal15,ganglia_pub
multicpu_steal16,ganglia_pub
multicpu_steal17,ganglia_pub
multicpu_steal18,ganglia_pub
multicpu_steal19,ganglia_pub
multicpu_steal2,ganglia_pub
multicpu_steal20,ganglia_pub
multicpu_steal21,ganglia_pub
multicpu_steal22,ganglia_pub
multicpu_steal23,ganglia_pub
multicpu_steal24,ganglia_pub
multicpu_steal25,ganglia_pub
multicpu_steal26,ganglia_pub
multicpu_steal27,ganglia_pub
multicpu_steal28,ganglia_pub
multicpu_steal29,ganglia_pub
multicpu_steal3,ganglia_pub
multicpu_steal30,ganglia_pub
multicpu_steal31,ganglia_pub
multicpu_steal32,ganglia_pub
multicpu_steal33,ganglia_pub
multicpu_steal34,ganglia_pub
multicpu_steal35,ganglia_pub
multicpu_steal36,ganglia_pub
multicpu_steal37,ganglia_pub
multicpu_steal38,ganglia_pub
multicpu_steal39,ganglia_pub
multicpu_steal4,ganglia_pub
multicpu_steal40,ganglia_pub
multicpu_steal41,ganglia_pub
multicpu_steal42,ganglia_pub
multicpu_steal43,ganglia_pub
multicpu_steal44,ganglia_pub
multicpu_steal45,ganglia_pub
multicpu_steal46,ganglia_pub
multicpu_steal47,ganglia_pub
multicpu_steal48,ganglia_pub
multicpu_steal49,ganglia_pub
multicpu_steal5,ganglia_pub
multicpu_steal50,ganglia_pub
multicpu_steal51,ganglia_pub
multicpu_steal52,ganglia_pub
multicpu_steal53,ganglia_pub
multicpu_steal54,ganglia_pub
multicpu_steal55,ganglia_pub
multicpu_steal56,ganglia_pub
multicpu_steal57,ganglia_pub
multicpu_steal58,ganglia_pub
multicpu_steal59,ganglia_pub
multicpu_steal6,ganglia_pub
multicpu_steal60,ganglia_pub
multicpu_steal61,ganglia_pub
multicpu_steal62,ganglia_pub
multicpu_steal63,ganglia_pub
multicpu_steal64,ganglia_pub
multicpu_steal65,ganglia_pub
multicpu_steal66,ganglia_pub
multicpu_steal67,ganglia_pub
multicpu_steal68,ganglia_pub
multicpu_steal69,ganglia_pub
multicpu_steal7,ganglia_pub
multicpu_steal70,ganglia_pub
multicpu_steal71,ganglia_pub
multicpu_steal8,ganglia_pub
multicpu_steal9,ganglia_pub
multicpu_system0,ganglia_pub
multicpu_system1,ganglia_pub
multicpu_system10,ganglia_pub
multicpu_system11,ganglia_pub
multicpu_system12,ganglia_pub
multicpu_system13,ganglia_pub
multicpu_system14,ganglia_pub
multicpu_system15,ganglia_pub
multicpu_system16,ganglia_pub
multicpu_system17,ganglia_pub
multicpu_system18,ganglia_pub
multicpu_system19,ganglia_pub
multicpu_system2,ganglia_pub
multicpu_system20,ganglia_pub
multicpu_system21,ganglia_pub
multicpu_system22,ganglia_pub
multicpu_system23,ganglia_pub
multicpu_system24,ganglia_pub
multicpu_system25,ganglia_pub
multicpu_system26,ganglia_pub
multicpu_system27,ganglia_pub
multicpu_system28,ganglia_pub
multicpu_system29,ganglia_pub
multicpu_system3,ganglia_pub
multicpu_system30,ganglia_pub
multicpu_system31,ganglia_pub
multicpu_system32,ganglia_pub
multicpu_system33,ganglia_pub
multicpu_system34,ganglia_pub
multicpu_system35,ganglia_pub
multicpu_system36,ganglia_pub
multicpu_system37,ganglia_pub
multicpu_system38,ganglia_pub
multicpu_system39,ganglia_pub
multicpu_system4,ganglia_pub
multicpu_system40,ganglia_pub
multicpu_system41,ganglia_pub
multicpu_system42,ganglia_pub
multicpu_system43,ganglia_pub
multicpu_system44,ganglia_pub
multicpu_system45,ganglia_pub
multicpu_system46,ganglia_pub
multicpu_system47,ganglia_pub
multicpu_system48,ganglia_pub
multicpu_system49,ganglia_pub
multicpu_system5,ganglia_pub
multicpu_system50,ganglia_pub
multicpu_system51,ganglia_pub
multicpu_system52,ganglia_pub
multicpu_system53,ganglia_pub
multicpu_system54,ganglia_pub
multicpu_system55,ganglia_pub
multicpu_system56,ganglia_pub
multicpu_system57,ganglia_pub
multicpu_system58,ganglia_pub
multicpu_system59,ganglia_pub
multicpu_system6,ganglia_pub
multicpu_system60,ganglia_pub
multicpu_system61,ganglia_pub
multicpu_system62,ganglia_pub
multicpu_system63,ganglia_pub
multicpu_system64,ganglia_pub
multicpu_system65,ganglia_pub
multicpu_system66,ganglia_pub
multicpu_system67,ganglia_pub
multicpu_system68,ganglia_pub
multicpu_system69,ganglia_pub
multicpu_system7,ganglia_pub
multicpu_system70,ganglia_pub
multicpu_system71,ganglia_pub
multicpu_system8,ganglia_pub
multicpu_system9,ganglia_pub
multicpu_user0,ganglia_pub
multicpu_user1,ganglia_pub
multicpu_user10,ganglia_pub
multicpu_user11,ganglia_pub
multicpu_user12,ganglia_pub
multicpu_user13,ganglia_pub
multicpu_user14,ganglia_pub
multicpu_user15,ganglia_pub
multicpu_user16,ganglia_pub
multicpu_user17,ganglia_pub
multicpu_user18,ganglia_pub
multicpu_user19,ganglia_pub
multicpu_user2,ganglia_pub
multicpu_user20,ganglia_pub
multicpu_user21,ganglia_pub
multicpu_user22,ganglia_pub
multicpu_user23,ganglia_pub
multicpu_user24,ganglia_pub
multicpu_user25,ganglia_pub
multicpu_user26,ganglia_pub
multicpu_user27,ganglia_pub
multicpu_user28,ganglia_pub
multicpu_user29,ganglia_pub
multicpu_user3,ganglia_pub
multicpu_user30,ganglia_pub
multicpu_user31,ganglia_pub
multicpu_user32,ganglia_pub
multicpu_user33,ganglia_pub
multicpu_user34,ganglia_pub
multicpu_user35,ganglia_pub
multicpu_user36,ganglia_pub
multicpu_user37,ganglia_pub
multicpu_user38,ganglia_pub
multicpu_user39,ganglia_pub
multicpu_user4,ganglia_pub
multicpu_user40,ganglia_pub
multicpu_user41,ganglia_pub
multicpu_user42,ganglia_pub
multicpu_user43,ganglia_pub
multicpu_user44,ganglia_pub
multicpu_user45,ganglia_pub
multicpu_user46,ganglia_pub
multicpu_user47,ganglia_pub
multicpu_user48,ganglia_pub
multicpu_user49,ganglia_pub
multicpu_user5,ganglia_pub
multicpu_user50,ganglia_pub
multicpu_user51,ganglia_pub
multicpu_user52,ganglia_pub
multicpu_user53,ganglia_pub
multicpu_user54,ganglia_pub
multicpu_user55,ganglia_pub
multicpu_user56,ganglia_pub
multicpu_user57,ganglia_pub
multicpu_user58,ganglia_pub
multicpu_user59,ganglia_pub
multicpu_user6,ganglia_pub
multicpu_user60,ganglia_pub
multicpu_user61,ganglia_pub
multicpu_user62,ganglia_pub
multicpu_user63,ganglia_pub
multicpu_user64,ganglia_pub
multicpu_user65,ganglia_pub
multicpu_user66,ganglia_pub
multicpu_user67,ganglia_pub
multicpu_user68,ganglia_pub
multicpu_user69,ganglia_pub
multicpu_user7,ganglia_pub
multicpu_user70,ganglia_pub
multicpu_user71,ganglia_pub
multicpu_user8,ganglia_pub
multicpu_user9,ganglia_pub
multicpu_wio0,ganglia_pub
multicpu_wio1,ganglia_pub
multicpu_wio10,ganglia_pub
multicpu_wio11,ganglia_pub
multicpu_wio12,ganglia_pub
multicpu_wio13,ganglia_pub
multicpu_wio14,ganglia_pub
multicpu_wio15,ganglia_pub
multicpu_wio16,ganglia_pub
multicpu_wio17,ganglia_pub
multicpu_wio18,ganglia_pub
multicpu_wio19,ganglia_pub
multicpu_wio2,ganglia_pub
multicpu_wio20,ganglia_pub
multicpu_wio21,ganglia_pub
multicpu_wio22,ganglia_pub
multicpu_wio23,ganglia_pub
multicpu_wio24,ganglia_pub
multicpu_wio25,ganglia_pub
multicpu_wio26,ganglia_pub
multicpu_wio27,ganglia_pub
multicpu_wio28,ganglia_pub
multicpu_wio29,ganglia_pub
multicpu_wio3,ganglia_pub
multicpu_wio30,ganglia_pub
multicpu_wio31,ganglia_pub
multicpu_wio32,ganglia_pub
multicpu_wio33,ganglia_pub
multicpu_wio34,ganglia_pub
multicpu_wio35,ganglia_pub
multicpu_wio36,ganglia_pub
multicpu_wio37,ganglia_pub
multicpu_wio38,ganglia_pub
multicpu_wio39,ganglia_pub
multicpu_wio4,ganglia_pub
multicpu_wio40,ganglia_pub
multicpu_wio41,ganglia_pub
multicpu_wio42,ganglia_pub
multicpu_wio43,ganglia_pub
multicpu_wio44,ganglia_pub
multicpu_wio45,ganglia_pub
multicpu_wio46,ganglia_pub
multicpu_wio47,ganglia_pub
multicpu_wio48,ganglia_pub
multicpu_wio49,ganglia_pub
multicpu_wio5,ganglia_pub
multicpu_wio50,ganglia_pub
multicpu_wio51,ganglia_pub
multicpu_wio52,ganglia_pub
multicpu_wio53,ganglia_pub
multicpu_wio54,ganglia_pub
multicpu_wio55,ganglia_pub
multicpu_wio56,ganglia_pub
multicpu_wio57,ganglia_pub
multicpu_wio58,ganglia_pub
multicpu_wio59,ganglia_pub
multicpu_wio6,ganglia_pub
multicpu_wio60,ganglia_pub
multicpu_wio61,ganglia_pub
multicpu_wio62,ganglia_pub
multicpu_wio63,ganglia_pub
multicpu_wio64,ganglia_pub
multicpu_wio65,ganglia_pub
multicpu_wio66,ganglia_pub
multicpu_wio67,ganglia_pub
multicpu_wio68,ganglia_pub
multicpu_wio69,ganglia_pub
multicpu_wio7,ganglia_pub
multicpu_wio70,ganglia_pub
multicpu_wio71,ganglia_pub
multicpu_wio8,ganglia_pub
multicpu_wio9,ganglia_pub
os_name,ganglia_pub
os_release,ganglia_pub
part_max_used,ganglia_pub
pkts_in,ganglia_pub
pkts_out,ganglia_pub
proc_run,ganglia_pub
proc_total,ganglia_pub
procs_blocked,ganglia_pub
procs_created,ganglia_pub
procstat_gmond_cpu,ganglia_pub
procstat_gmond_mem,ganglia_pub
rx_bytes_bond0,ganglia_pub
rx_bytes_bond0.155,ganglia_pub
rx_bytes_br0,ganglia_pub
rx_bytes_br0157,ganglia_pub
rx_bytes_br1,ganglia_pub
rx_bytes_br1155,ganglia_pub
rx_bytes_eno1,ganglia_pub
rx_bytes_eno1.155,ganglia_pub
rx_bytes_eno2,ganglia_pub
rx_bytes_eno3,ganglia_pub
rx_bytes_eno4,ganglia_pub
rx_bytes_enp0s20u13u5,ganglia_pub
rx_bytes_enp0s20u1u5,ganglia_pub
rx_bytes_ens2f0,ganglia_pub
rx_bytes_ens2f1,ganglia_pub
rx_bytes_ens3f0,ganglia_pub
rx_bytes_ens3f0.157,ganglia_pub
rx_bytes_ens3f1,ganglia_pub
rx_bytes_ens3f1.157,ganglia_pub
rx_bytes_ens4,ganglia_pub
rx_bytes_ens4d1,ganglia_pub
rx_bytes_ens6f0,ganglia_pub
rx_bytes_ens6f0.146,ganglia_pub
rx_bytes_ens6f1,ganglia_pub
rx_bytes_ib0,ganglia_pub
rx_bytes_ib1,ganglia_pub
rx_bytes_ib2,ganglia_pub
rx_bytes_virbr0,ganglia_pub
rx_bytes_virbr0-nic,ganglia_pub
rx_drops_bond0,ganglia_pub
rx_drops_bond0.155,ganglia_pub
rx_drops_br0,ganglia_pub
rx_drops_br0157,ganglia_pub
rx_drops_br1,ganglia_pub
rx_drops_br1155,ganglia_pub
rx_drops_eno1,ganglia_pub
rx_drops_eno1.155,ganglia_pub
rx_drops_eno2,ganglia_pub
rx_drops_eno3,ganglia_pub
rx_drops_eno4,ganglia_pub
rx_drops_enp0s20u13u5,ganglia_pub
rx_drops_enp0s20u1u5,ganglia_pub
rx_drops_ens2f0,ganglia_pub
rx_drops_ens2f1,ganglia_pub
rx_drops_ens3f0,ganglia_pub
rx_drops_ens3f0.157,ganglia_pub
rx_drops_ens3f1,ganglia_pub
rx_drops_ens3f1.157,ganglia_pub
rx_drops_ens4,ganglia_pub
rx_drops_ens4d1,ganglia_pub
rx_drops_ens6f0,ganglia_pub
rx_drops_ens6f0.146,ganglia_pub
rx_drops_ens6f1,ganglia_pub
rx_drops_ib0,ganglia_pub
rx_drops_ib1,ganglia_pub
rx_drops_ib2,ganglia_pub
rx_drops_virbr0,ganglia_pub
rx_drops_virbr0-nic,ganglia_pub
rx_errs_bond0,ganglia_pub
rx_errs_bond0.155,ganglia_pub
rx_errs_br0,ganglia_pub
rx_errs_br0157,ganglia_pub
rx_errs_br1,ganglia_pub
rx_errs_br1155,ganglia_pub
rx_errs_eno1,ganglia_pub
rx_errs_eno1.155,ganglia_pub
rx_errs_eno2,ganglia_pub
rx_errs_eno3,ganglia_pub
rx_errs_eno4,ganglia_pub
rx_errs_enp0s20u13u5,ganglia_pub
rx_errs_enp0s20u1u5,ganglia_pub
rx_errs_ens2f0,ganglia_pub
rx_errs_ens2f1,ganglia_pub
rx_errs_ens3f0,ganglia_pub
rx_errs_ens3f0.157,ganglia_pub
rx_errs_ens3f1,ganglia_pub
rx_errs_ens3f1.157,ganglia_pub
rx_errs_ens4,ganglia_pub
rx_errs_ens4d1,ganglia_pub
rx_errs_ens6f0,ganglia_pub
rx_errs_ens6f0.146,ganglia_pub
rx_errs_ens6f1,ganglia_pub
rx_errs_ib0,ganglia_pub
rx_errs_ib1,ganglia_pub
rx_errs_ib2,ganglia_pub
rx_errs_virbr0,ganglia_pub
rx_errs_virbr0-nic,ganglia_pub
rx_pkts_bond0,ganglia_pub
rx_pkts_bond0.155,ganglia_pub
rx_pkts_br0,ganglia_pub
rx_pkts_br0157,ganglia_pub
rx_pkts_br1,ganglia_pub
rx_pkts_br1155,ganglia_pub
rx_pkts_eno1,ganglia_pub
rx_pkts_eno1.155,ganglia_pub
rx_pkts_eno2,ganglia_pub
rx_pkts_eno3,ganglia_pub
rx_pkts_eno4,ganglia_pub
rx_pkts_enp0s20u13u5,ganglia_pub
rx_pkts_enp0s20u1u5,ganglia_pub
rx_pkts_ens2f0,ganglia_pub
rx_pkts_ens2f1,ganglia_pub
rx_pkts_ens3f0,ganglia_pub
rx_pkts_ens3f0.157,ganglia_pub
rx_pkts_ens3f1,ganglia_pub
rx_pkts_ens3f1.157,ganglia_pub
rx_pkts_ens4,ganglia_pub
rx_pkts_ens4d1,ganglia_pub
rx_pkts_ens6f0,ganglia_pub
rx_pkts_ens6f0.146,ganglia_pub
rx_pkts_ens6f1,ganglia_pub
rx_pkts_ib0,ganglia_pub
rx_pkts_ib1,ganglia_pub
rx_pkts_ib2,ganglia_pub
rx_pkts_virbr0,ganglia_pub
rx_pkts_virbr0-nic,ganglia_pub
softirq_block,ganglia_pub
softirq_blockiopoll,ganglia_pub
softirq_hi,ganglia_pub
softirq_hrtimer,ganglia_pub
softirq_netrx,ganglia_pub
softirq_nettx,ganglia_pub
softirq_rcu,ganglia_pub
softirq_sched,ganglia_pub
softirq_tasklet,ganglia_pub
softirq_timer,ganglia_pub
swap_free,ganglia_pub
swap_total,ganglia_pub
tcp_attemptfails,ganglia_pub
tcp_insegs,ganglia_pub
tcp_outsegs,ganglia_pub
tcp_retrans_percentage,ganglia_pub
tcpext_listendrops,ganglia_pub
tcpext_tcploss_percentage,ganglia_pub
tx_bytes_bond0,ganglia_pub
tx_bytes_bond0.155,ganglia_pub
tx_bytes_br0,ganglia_pub
tx_bytes_br0157,ganglia_pub
tx_bytes_br1,ganglia_pub
tx_bytes_br1155,ganglia_pub
tx_bytes_eno1,ganglia_pub
tx_bytes_eno1.155,ganglia_pub
tx_bytes_eno2,ganglia_pub
tx_bytes_eno3,ganglia_pub
tx_bytes_eno4,ganglia_pub
tx_bytes_enp0s20u13u5,ganglia_pub
tx_bytes_enp0s20u1u5,ganglia_pub
tx_bytes_ens2f0,ganglia_pub
tx_bytes_ens2f1,ganglia_pub
tx_bytes_ens3f0,ganglia_pub
tx_bytes_ens3f0.157,ganglia_pub
tx_bytes_ens3f1,ganglia_pub
tx_bytes_ens3f1.157,ganglia_pub
tx_bytes_ens4,ganglia_pub
tx_bytes_ens4d1,ganglia_pub
tx_bytes_ens6f0,ganglia_pub
tx_bytes_ens6f0.146,ganglia_pub
tx_bytes_ens6f1,ganglia_pub
tx_bytes_ib0,ganglia_pub
tx_bytes_ib1,ganglia_pub
tx_bytes_ib2,ganglia_pub
tx_bytes_virbr0,ganglia_pub
tx_bytes_virbr0-nic,ganglia_pub
tx_drops_bond0,ganglia_pub
tx_drops_bond0.155,ganglia_pub
tx_drops_br0,ganglia_pub
tx_drops_br0157,ganglia_pub
tx_drops_br1,ganglia_pub
tx_drops_br1155,ganglia_pub
tx_drops_eno1,ganglia_pub
tx_drops_eno1.155,ganglia_pub
tx_drops_eno2,ganglia_pub
tx_drops_eno3,ganglia_pub
tx_drops_eno4,ganglia_pub
tx_drops_enp0s20u13u5,ganglia_pub
tx_drops_enp0s20u1u5,ganglia_pub
tx_drops_ens2f0,ganglia_pub
tx_drops_ens2f1,ganglia_pub
tx_drops_ens3f0,ganglia_pub
tx_drops_ens3f0.157,ganglia_pub
tx_drops_ens3f1,ganglia_pub
tx_drops_ens3f1.157,ganglia_pub
tx_drops_ens4,ganglia_pub
tx_drops_ens4d1,ganglia_pub
tx_drops_ens6f0,ganglia_pub
tx_drops_ens6f0.146,ganglia_pub
tx_drops_ens6f1,ganglia_pub
tx_drops_ib0,ganglia_pub
tx_drops_ib1,ganglia_pub
tx_drops_ib2,ganglia_pub
tx_drops_virbr0,ganglia_pub
tx_drops_virbr0-nic,ganglia_pub
tx_errs_bond0,ganglia_pub
tx_errs_bond0.155,ganglia_pub
tx_errs_br0,ganglia_pub
tx_errs_br0157,ganglia_pub
tx_errs_br1,ganglia_pub
tx_errs_br1155,ganglia_pub
tx_errs_eno1,ganglia_pub
tx_errs_eno1.155,ganglia_pub
tx_errs_eno2,ganglia_pub
tx_errs_eno3,ganglia_pub
tx_errs_eno4,ganglia_pub
tx_errs_enp0s20u13u5,ganglia_pub
tx_errs_enp0s20u1u5,ganglia_pub
tx_errs_ens2f0,ganglia_pub
tx_errs_ens2f1,ganglia_pub
tx_errs_ens3f0,ganglia_pub
tx_errs_ens3f0.157,ganglia_pub
tx_errs_ens3f1,ganglia_pub
tx_errs_ens3f1.157,ganglia_pub
tx_errs_ens4,ganglia_pub
tx_errs_ens4d1,ganglia_pub
tx_errs_ens6f0,ganglia_pub
tx_errs_ens6f0.146,ganglia_pub
tx_errs_ens6f1,ganglia_pub
tx_errs_ib0,ganglia_pub
tx_errs_ib1,ganglia_pub
tx_errs_ib2,ganglia_pub
tx_errs_virbr0,ganglia_pub
tx_errs_virbr0-nic,ganglia_pub
tx_pkts_bond0,ganglia_pub
tx_pkts_bond0.155,ganglia_pub
tx_pkts_br0,ganglia_pub
tx_pkts_br0157,ganglia_pub
tx_pkts_br1,ganglia_pub
tx_pkts_br1155,ganglia_pub
tx_pkts_eno1,ganglia_pub
tx_pkts_eno1.155,ganglia_pub
tx_pkts_eno2,ganglia_pub
tx_pkts_eno3,ganglia_pub
tx_pkts_eno4,ganglia_pub
tx_pkts_enp0s20u13u5,ganglia_pub
tx_pkts_enp0s20u1u5,ganglia_pub
tx_pkts_ens2f0,ganglia_pub
tx_pkts_ens2f1,ganglia_pub
tx_pkts_ens3f0,ganglia_pub
tx_pkts_ens3f0.157,ganglia_pub
tx_pkts_ens3f1,ganglia_pub
tx_pkts_ens3f1.157,ganglia_pub
tx_pkts_ens4,ganglia_pub
tx_pkts_ens4d1,ganglia_pub
tx_pkts_ens6f0,ganglia_pub
tx_pkts_ens6f0.146,ganglia_pub
tx_pkts_ens6f1,ganglia_pub
tx_pkts_ib0,ganglia_pub
tx_pkts_ib1,ganglia_pub
tx_pkts_ib2,ganglia_pub
tx_pkts_virbr0,ganglia_pub
tx_pkts_virbr0-nic,ganglia_pub
udp_indatagrams,ganglia_pub
udp_inerrors,ganglia_pub
udp_outdatagrams,ganglia_pub
vm_pgmajfault,ganglia_pub
vm_pgpgin,ganglia_pub
vm_pgpgout,ganglia_pub
vm_vmeff,ganglia_pub
0_0,ipmi_pub
Ambient_Temp,ipmi_pub
Avg_Power,ipmi_pub
CMOS_Battery,ipmi_pub
CPU1_Temp,ipmi_pub
CPU2_Temp,ipmi_pub
CPU_Utilization,ipmi_pub
GPU_Outlet_Temp,ipmi_pub
HDD_Inlet_Temp,ipmi_pub
IO_Utilization,ipmi_pub
Mem_Utilization,ipmi_pub
PCH_Temp,ipmi_pub
PCI_Riser_1_Temp,ipmi_pub
PCI_Riser_2_Temp,ipmi_pub
PIB_Ambient_Temp,ipmi_pub
SysBrd_12V,ipmi_pub
SysBrd_3_3V,ipmi_pub
SysBrd_5V,ipmi_pub
Sys_Utilization,ipmi_pub
ambient,ipmi_pub
dimm0_temp,ipmi_pub
dimm10_temp,ipmi_pub
dimm11_temp,ipmi_pub
dimm12_temp,ipmi_pub
dimm13_temp,ipmi_pub
dimm14_temp,ipmi_pub
dimm15_temp,ipmi_pub
dimm1_temp,ipmi_pub
dimm2_temp,ipmi_pub
dimm3_temp,ipmi_pub
dimm4_temp,ipmi_pub
dimm5_temp,ipmi_pub
dimm6_temp,ipmi_pub
dimm7_temp,ipmi_pub
dimm8_temp,ipmi_pub
dimm9_temp,ipmi_pub
fan0_0,ipmi_pub
fan0_1,ipmi_pub
fan1_0,ipmi_pub
fan1_1,ipmi_pub
fan2_0,ipmi_pub
fan2_1,ipmi_pub
fan3_0,ipmi_pub
fan3_1,ipmi_pub
fan_disk_power,ipmi_pub
gpu0_core_temp,ipmi_pub
gpu0_mem_temp,ipmi_pub
gpu1_core_temp,ipmi_pub
gpu1_mem_temp,ipmi_pub
gpu3_core_temp,ipmi_pub
gpu3_mem_temp,ipmi_pub
gpu4_core_temp,ipmi_pub
gpu4_mem_temp,ipmi_pub
gv100card0,ipmi_pub
gv100card1,ipmi_pub
gv100card3,ipmi_pub
gv100card4,ipmi_pub
p0_core0_temp,ipmi_pub
p0_core10_temp,ipmi_pub
p0_core11_temp,ipmi_pub
p0_core12_temp,ipmi_pub
p0_core13_temp,ipmi_pub
p0_core14_temp,ipmi_pub
p0_core15_temp,ipmi_pub
p0_core16_temp,ipmi_pub
p0_core17_temp,ipmi_pub
p0_core18_temp,ipmi_pub
p0_core19_temp,ipmi_pub
p0_core1_temp,ipmi_pub
p0_core20_temp,ipmi_pub
p0_core21_temp,ipmi_pub
p0_core22_temp,ipmi_pub
p0_core23_temp,ipmi_pub
p0_core2_temp,ipmi_pub
p0_core3_temp,ipmi_pub
p0_core4_temp,ipmi_pub
p0_core5_temp,ipmi_pub
p0_core6_temp,ipmi_pub
p0_core7_temp,ipmi_pub
p0_core8_temp,ipmi_pub
p0_core9_temp,ipmi_pub
p0_io_power,ipmi_pub
p0_mem_power,ipmi_pub
p0_power,ipmi_pub
p0_vdd_temp,ipmi_pub
p1_core0_temp,ipmi_pub
p1_core10_temp,ipmi_pub
p1_core11_temp,ipmi_pub
p1_core12_temp,ipmi_pub
p1_core13_temp,ipmi_pub
p1_core14_temp,ipmi_pub
p1_core15_temp,ipmi_pub
p1_core16_temp,ipmi_pub
p1_core17_temp,ipmi_pub
p1_core18_temp,ipmi_pub
p1_core19_temp,ipmi_pub
p1_core1_temp,ipmi_pub
p1_core20_temp,ipmi_pub
p1_core21_temp,ipmi_pub
p1_core22_temp,ipmi_pub
p1_core23_temp,ipmi_pub
p1_core2_temp,ipmi_pub
p1_core3_temp,ipmi_pub
p1_core4_temp,ipmi_pub
p1_core5_temp,ipmi_pub
p1_core6_temp,ipmi_pub
p1_core7_temp,ipmi_pub
p1_core8_temp,ipmi_pub
p1_core9_temp,ipmi_pub
p1_io_power,ipmi_pub
p1_mem_power,ipmi_pub
p1_power,ipmi_pub
p1_vdd_temp,ipmi_pub
pcie,ipmi_pub
ps0_input_power,ipmi_pub
ps0_input_voltag,ipmi_pub
ps0_output_curre,ipmi_pub
ps0_output_volta,ipmi_pub
ps1_input_power,ipmi_pub
ps1_input_voltag,ipmi_pub
ps1_output_curre,ipmi_pub
ps1_output_volta,ipmi_pub
total_power,ipmi_pub
hostscheduleddowtimecomments,nagios_pub
plugin_output,nagios_pub
state,nagios_pub
Actual_Return_Air_Temperature_Set_Point,vertiv_pub
Actual_Return_Humidity_Set_Point,vertiv_pub
Adjusted_Humidity,vertiv_pub
Compressor_Utilization,vertiv_pub
Dehumidifier_Utilization,vertiv_pub
Ext_Air_Sensor_A_Humidity,vertiv_pub
Ext_Air_Sensor_A_Temperature,vertiv_pub
Ext_Air_Sensor_B_Humidity,vertiv_pub
Ext_Air_Sensor_B_Temperature,vertiv_pub
Ext_Air_Sensor_C_Humidity,vertiv_pub
Ext_Air_Sensor_C_Temperature,vertiv_pub
Fan_Speed,vertiv_pub
Filter_Pressure_Drop,vertiv_pub
Free_Cooling_Fluid_Temperature,vertiv_pub
Free_Cooling_Status,vertiv_pub
Free_Cooling_Valve_Open_Position,vertiv_pub
Hot_Water___Hot_Gas_Valve_Open_Position,vertiv_pub
Humidifier_Utilization,vertiv_pub
Humidity_Set_Point,vertiv_pub
Reheat_Utilization,vertiv_pub
Return_Air_Temperature,vertiv_pub
Return_Humidity,vertiv_pub
Supply_Air_Temperature,vertiv_pub
Supply_Air_Temperature_Set_Point,vertiv_pub
Underflow_Static_Pressure,vertiv_pub
Alm_TY141,schneider_pub
PLC_PLC_Q101.Abilita_inverter,schneider_pub
PLC_PLC_Q101.Abilita_valvola1,schneider_pub
PLC_PLC_Q101.Abilita_valvola2,schneider_pub
PLC_PLC_Q101.Allarme_on,schneider_pub
PLC_PLC_Q101.Allarme_presente,schneider_pub
PLC_PLC_Q101.Alm_inverter_p101,schneider_pub
PLC_PLC_Q101.Alm_inverter_p102,schneider_pub
PLC_PLC_Q101.Alm_inverter_p103,schneider_pub
PLC_PLC_Q101.Alm_inverter_p104,schneider_pub
PLC_PLC_Q101.Alm_max_portata,schneider_pub
PLC_PLC_Q101.Alm_max_t_mandata,schneider_pub
PLC_PLC_Q101.Alm_max_t_ritorno,schneider_pub
PLC_PLC_Q101.Alm_min_portata,schneider_pub
PLC_PLC_Q101.Alm_min_t_mandata,schneider_pub
PLC_PLC_Q101.Alm_nostart_p101,schneider_pub
PLC_PLC_Q101.Alm_nostart_p102,schneider_pub
PLC_PLC_Q101.Alm_nostart_p103,schneider_pub
PLC_PLC_Q101.Alm_nostart_p104,schneider_pub
PLC_PLC_Q101.Alm_w1,schneider_pub
PLC_PLC_Q101.Cmd_valvola_1,schneider_pub
PLC_PLC_Q101.Cmd_valvola_2,schneider_pub
PLC_PLC_Q101.Delta_temp,schneider_pub
PLC_PLC_Q101.Diff_minuti_cavedio,schneider_pub
PLC_PLC_Q101.Diff_minuti_quadro,schneider_pub
PLC_PLC_Q101.Diff_minuti_sala,schneider_pub
PLC_PLC_Q101.In_marcia_p101,schneider_pub
PLC_PLC_Q101.In_marcia_p102,schneider_pub
PLC_PLC_Q101.In_marcia_p103,schneider_pub
PLC_PLC_Q101.In_marcia_p104,schneider_pub
PLC_PLC_Q101.Kp_pid_pompe,schneider_pub
PLC_PLC_Q101.Kp_pid_valvole,schneider_pub
PLC_PLC_Q101.Manuale_p101,schneider_pub
PLC_PLC_Q101.Manuale_p102,schneider_pub
PLC_PLC_Q101.Manuale_p103,schneider_pub
PLC_PLC_Q101.Manuale_p104,schneider_pub
PLC_PLC_Q101.Manuale_ty141,schneider_pub
PLC_PLC_Q101.Manuale_ty142,schneider_pub
PLC_PLC_Q101.Max_ana_out_ty141,schneider_pub
PLC_PLC_Q101.Max_ana_out_ty142,schneider_pub
PLC_PLC_Q101.Max_ana_portata1,schneider_pub
PLC_PLC_Q101.Max_ana_portata2,schneider_pub
PLC_PLC_Q101.Max_ana_pos_ty141,schneider_pub
PLC_PLC_Q101.Max_ana_pos_ty142,schneider_pub
PLC_PLC_Q101.Max_portata,schneider_pub
PLC_PLC_Q101.Max_t_mandata,schneider_pub
PLC_PLC_Q101.Max_t_ritorno,schneider_pub
PLC_PLC_Q101.Max_visi_portata2,schneider_pub
PLC_PLC_Q101.Max_visu_portata1,schneider_pub
PLC_PLC_Q101.Min_ana_out_ty141,schneider_pub
PLC_PLC_Q101.Min_ana_out_ty142,schneider_pub
PLC_PLC_Q101.Min_ana_portata1,schneider_pub
PLC_PLC_Q101.Min_ana_portata2,schneider_pub
PLC_PLC_Q101.Min_ana_pos_ty141,schneider_pub
PLC_PLC_Q101.Min_ana_pos_ty142,schneider_pub
PLC_PLC_Q101.Min_lavoro_p101,schneider_pub
PLC_PLC_Q101.Min_lavoro_p102,schneider_pub
PLC_PLC_Q101.Min_lavoro_p103,schneider_pub
PLC_PLC_Q101.Min_lavoro_p104,schneider_pub
PLC_PLC_Q101.Min_lavoro_quadro,schneider_pub
PLC_PLC_Q101.Min_out_pid_pompe,schneider_pub
PLC_PLC_Q101.Min_out_pid_valv,schneider_pub
PLC_PLC_Q101.Min_parz_p101,schneider_pub
PLC_PLC_Q101.Min_parz_p102,schneider_pub
PLC_PLC_Q101.Min_parz_p103,schneider_pub
PLC_PLC_Q101.Min_parz_p104,schneider_pub
PLC_PLC_Q101.Min_parziali_p101,schneider_pub
PLC_PLC_Q101.Min_parziali_p102,schneider_pub
PLC_PLC_Q101.Min_parziali_p103,schneider_pub
PLC_PLC_Q101.Min_parziali_p104,schneider_pub
PLC_PLC_Q101.Min_parziali_quadro,schneider_pub
PLC_PLC_Q101.Min_portata,schneider_pub
PLC_PLC_Q101.Min_t_mandata,schneider_pub
PLC_PLC_Q101.Min_vel_pompe,schneider_pub
PLC_PLC_Q101.Min_visu_portata1,schneider_pub
PLC_PLC_Q101.Min_visu_portata2,schneider_pub
PLC_PLC_Q101.Ore_lavoro_p101,schneider_pub
PLC_PLC_Q101.Ore_lavoro_p102,schneider_pub
PLC_PLC_Q101.Ore_lavoro_p103,schneider_pub
PLC_PLC_Q101.Ore_lavoro_p104,schneider_pub
PLC_PLC_Q101.Ore_parziali_p101,schneider_pub
PLC_PLC_Q101.Ore_parziali_p102,schneider_pub
PLC_PLC_Q101.Ore_parziali_p103,schneider_pub
PLC_PLC_Q101.Ore_parziali_p104,schneider_pub
PLC_PLC_Q101.Out_pid_pompe,schneider_pub
PLC_PLC_Q101.Out_pid_val,schneider_pub
PLC_PLC_Q101.P101_fault,schneider_pub
PLC_PLC_Q101.P101_in_marcia,schneider_pub
PLC_PLC_Q101.P102_fault,schneider_pub
PLC_PLC_Q101.P102_in_marcia,schneider_pub
PLC_PLC_Q101.P103_fault,schneider_pub
PLC_PLC_Q101.P103_in_marcia,schneider_pub
PLC_PLC_Q101.P104_fault,schneider_pub
PLC_PLC_Q101.P104_in_marcia,schneider_pub
PLC_PLC_Q101.Pb_arresto_p101,schneider_pub
PLC_PLC_Q101.Pb_arresto_p102,schneider_pub
PLC_PLC_Q101.Pb_arresto_p103,schneider_pub
PLC_PLC_Q101.Pb_arresto_p104,schneider_pub
PLC_PLC_Q101.Pb_marcia_p101,schneider_pub
PLC_PLC_Q101.Pb_marcia_p102,schneider_pub
PLC_PLC_Q101.Pb_marcia_p103,schneider_pub
PLC_PLC_Q101.Pb_marcia_p104,schneider_pub
PLC_PLC_Q101.Portata_1,schneider_pub
PLC_PLC_Q101.Portata_1_hmi,schneider_pub
PLC_PLC_Q101.Portata_2,schneider_pub
PLC_PLC_Q101.Portata_2_hmi,schneider_pub
PLC_PLC_Q101.Portata_attiva,schneider_pub
PLC_PLC_Q101.Pos_valvola1,schneider_pub
PLC_PLC_Q101.Pos_valvola_2,schneider_pub
PLC_PLC_Q101.Posizione_ty141,schneider_pub
PLC_PLC_Q101.Posizione_ty142,schneider_pub
PLC_PLC_Q101.Rif_auto_attivo,schneider_pub
PLC_PLC_Q101.Rif_auto_p101,schneider_pub
PLC_PLC_Q101.Rif_auto_p102,schneider_pub
PLC_PLC_Q101.Rif_auto_ty141,schneider_pub
PLC_PLC_Q101.Rif_auto_ty142,schneider_pub
PLC_PLC_Q101.Rif_inverter,schneider_pub
PLC_PLC_Q101.Rif_man_p101,schneider_pub
PLC_PLC_Q101.Rif_man_p102,schneider_pub
PLC_PLC_Q101.Rif_man_ty141,schneider_pub
PLC_PLC_Q101.Rif_man_ty142,schneider_pub
PLC_PLC_Q101.Sel_misuratore,schneider_pub
PLC_PLC_Q101.Set_man_pid_pompe,schneider_pub
PLC_PLC_Q101.Set_man_pid_valv,schneider_pub
PLC_PLC_Q101.Set_temperatura,schneider_pub
PLC_PLC_Q101.Start_impianto,schneider_pub
PLC_PLC_Q101.Start_p101,schneider_pub
PLC_PLC_Q101.Start_p102,schneider_pub
PLC_PLC_Q101.Start_p103,schneider_pub
PLC_PLC_Q101.Start_p104,schneider_pub
PLC_PLC_Q101.Stato_p101,schneider_pub
PLC_PLC_Q101.Stato_p102,schneider_pub
PLC_PLC_Q101.Stato_p103,schneider_pub
PLC_PLC_Q101.Stato_p104,schneider_pub
PLC_PLC_Q101.Stato_quadro,schneider_pub
PLC_PLC_Q101.Status_w1,schneider_pub
PLC_PLC_Q101.Status_w2,schneider_pub
PLC_PLC_Q101.T_mandata_hmi,schneider_pub
PLC_PLC_Q101.T_ritorno_hmi,schneider_pub
PLC_PLC_Q101.T_scambio_cavedio,schneider_pub
PLC_PLC_Q101.T_scambio_quadri,schneider_pub
PLC_PLC_Q101.T_scambio_sala,schneider_pub
PLC_PLC_Q101.Td_pid_pompe,schneider_pub
PLC_PLC_Q101.Td_pid_valvole,schneider_pub
PLC_PLC_Q101.Temp_mandata,schneider_pub
PLC_PLC_Q101.Temp_ritorno,schneider_pub
PLC_PLC_Q101.Ti_pid_pompe,schneider_pub
PLC_PLC_Q101.Ti_pid_valvole,schneider_pub
PLC_PLC_Q101.V_min_rem_cavedio,schneider_pub
PLC_PLC_Q101.V_min_rem_quadro,schneider_pub
PLC_PLC_Q101.V_min_rem_sala,schneider_pub
PLC_PLC_Q101.V_ore_parz_p101,schneider_pub
PLC_PLC_Q101.V_ore_parz_p102,schneider_pub
PLC_PLC_Q101.V_ore_parz_p103,schneider_pub
PLC_PLC_Q101.V_ore_parz_p104,schneider_pub
PLC_PLC_Q101.V_ore_parz_quadro,schneider_pub
PLC_PLC_Q101.V_ore_rem_cavedio,schneider_pub
PLC_PLC_Q101.V_ore_rem_quadro,schneider_pub
PLC_PLC_Q101.V_ore_rem_sala,schneider_pub
PLC_PLC_Q101.V_ore_tot_p101,schneider_pub
PLC_PLC_Q101.V_ore_tot_p102,schneider_pub
PLC_PLC_Q101.V_ore_tot_p103,schneider_pub
PLC_PLC_Q101.V_ore_tot_p104,schneider_pub
PLC_PLC_Q101.V_ore_tot_quadro,schneider_pub
alloc_drain,slurm_pub
cluster_cpu_util,slurm_pub
cluster_memory_util,slurm_pub
job_id,slurm_pub
num_nodes,slurm_pub
s21.cluster_cpu_util,slurm_pub
s21.cluster_gpu_util,slurm_pub
s21.cluster_mem_util,slurm_pub
s21.jobs.avg_waiting_hour,slurm_pub
s21.jobs.eligible,slurm_pub
s21.jobs.eligible_v2,slurm_pub
s21.jobs.nodes_eligible,slurm_pub
s21.jobs.nodes_eligible_v2,slurm_pub
s21.jobs.p95_waiting_hour,slurm_pub
s21.jobs.tot_gpus,slurm_pub
s21.jobs.tot_jobs,slurm_pub
s21.jobs.tot_node_hour,slurm_pub
s21.jobs.tot_nodes,slurm_pub
s21.totals.cpus_alloc,slurm_pub
s21.totals.cpus_config,slurm_pub
s21.totals.cpus_down,slurm_pub
s21.totals.cpus_eligible,slurm_pub
s21.totals.cpus_idle,slurm_pub
s21.totals.gpus_alloc,slurm_pub
s21.totals.gpus_config,slurm_pub
s21.totals.gpus_down,slurm_pub
s21.totals.gpus_eligible,slurm_pub
s21.totals.gpus_idle,slurm_pub
s21.totals.memory_alloc,slurm_pub
s21.totals.memory_config,slurm_pub
s21.totals.memory_down,slurm_pub
s21.totals.memory_eligible,slurm_pub
s21.totals.memory_idle,slurm_pub
s21.totals.total_nodes_alloc,slurm_pub
s21.totals.total_nodes_config,slurm_pub
s21.totals.total_nodes_down,slurm_pub
s21.totals.total_nodes_eligible,slurm_pub
s21.totals.total_nodes_idle,slurm_pub
s21.totals.total_nodes_mixed,slurm_pub
total_cpus_alloc,slurm_pub
total_cpus_config,slurm_pub
total_cpus_down,slurm_pub
total_cpus_eligible,slurm_pub
total_cpus_idle,slurm_pub
total_memory_alloc,slurm_pub
total_memory_config,slurm_pub
total_memory_down,slurm_pub
total_memory_eligible,slurm_pub
total_memory_idle,slurm_pub
total_nodes_alloc,slurm_pub
total_nodes_config,slurm_pub
total_nodes_down,slurm_pub
total_nodes_eligible,slurm_pub
total_nodes_idle,slurm_pub
total_nodes_mixed,slurm_pub
Bad_values,logics_pub
Comlost,logics_pub
Corrente,logics_pub
Corrente_L1,logics_pub
Corrente_L2,logics_pub
Corrente_L3,logics_pub
Dcie,logics_pub
Energia,logics_pub
Fattore_di_potenza,logics_pub
Frequenza,logics_pub
Gateway,logics_pub
ID_Modbus,logics_pub
Kw,logics_pub
Mvar,logics_pub
Mvarh,logics_pub
Mw,logics_pub
Mwh,logics_pub
Potenza,logics_pub
Potenza_attiva,logics_pub
Prototype,logics_pub
Pue,logics_pub
Stato,logics_pub
Status,logics_pub
Tensione,logics_pub
Tot,logics_pub
Tot_cdz,logics_pub
Tot_chiller,logics_pub
Tot_ict,logics_pub
Tot_qpompe,logics_pub
Tot_servizi,logics_pub
Volt1,logics_pub
Volt2,logics_pub
Volt3,logics_pub
address,logics_pub
deviceid,logics_pub
frequenza,logics_pub
pit,logics_pub
pt,logics_pub
pue,logics_pub
clouds,weather_pub
dew_point,weather_pub
feels_like,weather_pub
humidity,weather_pub
pressure,weather_pub
temp,weather_pub
uvi,weather_pub
visibility,weather_pub
wind_deg,weather_pub
wind_speed,weather_pub
job_info_marconi100,job_table